nombre_estructura;numero_threads;numero_elementos;tiempo_insercion;tiempo_extraccion;inversiones;error_medio;desviacion
priority_queue;1;10000;1.98422;7.39553;0;0;0
priority_queue;1;10000;2.56677;6.34184;0;0;0
priority_queue;1;10000;1.96911;6.35931;0;0;0
priority_queue;1;10000;2.1884;6.38318;0;0;0
priority_queue;1;10000;2.81169;6.86614;0;0;0
priority_queue;8;10000;2.77082;6.87461;0;0;0
priority_queue;8;10000;2.89471;6.51969;0;0;0
priority_queue;8;10000;3.36684;6.50135;0;0;0
priority_queue;8;10000;3.18552;6.90152;0;0;0
priority_queue;8;10000;1.85414;6.37034;0;0;0
priority_queue;1;100000;21.5073;67.719;0;0;0
priority_queue;1;100000;21.0275;72.4159;0;0;0
priority_queue;1;100000;21.7817;69.3384;0;0;0
priority_queue;1;100000;21.6144;71.584;0;0;0
priority_queue;1;100000;22.3505;69.7078;0;0;0
priority_queue;8;100000;21.6646;65.5068;0;0;0
priority_queue;8;100000;21.88;70.5274;0;0;0
priority_queue;8;100000;21.0858;78.5034;0;0;0
priority_queue;8;100000;22.4806;72.6229;0;0;0
priority_queue;8;100000;21.6153;71.3922;0;0;0
priority_queue;1;1000000;204.317;778.321;0;0;0
priority_queue;1;1000000;211.913;805.602;0;0;0
priority_queue;1;1000000;229.642;861.04;0;0;0
priority_queue;1;1000000;202.011;837.424;0;0;0
priority_queue;1;1000000;217.801;899.094;0;0;0
priority_queue;8;1000000;205.932;896.584;0;0;0
priority_queue;8;1000000;219.692;907.329;0;0;0
priority_queue;8;1000000;211.884;854.085;0;0;0
priority_queue;8;1000000;224.888;916.139;0;0;0
priority_queue;8;1000000;226.405;906.593;0;0;0
priority_queue;1;5000000;1194.47;5328.18;0;0;0
priority_queue;1;5000000;1165.09;5395.5;0;0;0
priority_queue;1;5000000;1227.24;5460.58;0;0;0
priority_queue;1;5000000;1292.16;5674.53;0;0;0
priority_queue;1;5000000;1293.88;5770.89;0;0;0
priority_queue;8;5000000;1345.19;5995.38;0;0;0
priority_queue;8;5000000;1274.97;5539.98;0;0;0
priority_queue;8;5000000;1248.57;5919.01;0;0;0
priority_queue;8;5000000;1265.23;5720.43;0;0;0
priority_queue;8;5000000;1238.2;5676.59;0;0;0
multiqueue_t2;1;10000;2.06521;2.18674;1860;1.53075;2.01148
multiqueue_t2;1;10000;1.72146;2.01473;1822;1.49415;1.87879
multiqueue_t2;1;10000;2.09555;2.26607;1917;1.46349;1.85599
multiqueue_t2;1;10000;1.95;2.10129;1798;1.37674;1.8219
multiqueue_t2;1;10000;1.86275;2.61889;1887;1.483;1.9219
multiqueue_t2;8;10000;1.26234;1.42817;4680;32.4716;47.2284
multiqueue_t2;8;10000;1.28123;0.99595;4571;17.2721;14.5168
multiqueue_t2;8;10000;1.16915;0.955874;4501;18.5702;16.5991
multiqueue_t2;8;10000;1.58288;0.984354;4549;17.5988;14.4372
multiqueue_t2;8;10000;1.42904;0.982508;4584;18.3543;16.3558
multiqueue_t4;1;10000;1.85954;1.80069;3341;4.07954;3.96513
multiqueue_t4;1;10000;1.70636;1.68944;3398;4.4022;4.29924
multiqueue_t4;1;10000;1.77557;1.90893;3391;4.29891;4.18174
multiqueue_t4;1;10000;1.79557;1.80325;3354;3.96931;3.77204
multiqueue_t4;1;10000;1.86551;2.32399;3397;3.96859;3.80136
multiqueue_t4;8;10000;1.33933;1.15282;4761;36.8756;31.8874
multiqueue_t4;8;10000;1.25661;1.07537;4727;37.2864;30.6976
multiqueue_t4;8;10000;1.23106;1.03303;4803;35.3761;30.3821
multiqueue_t4;8;10000;1.33116;1.0434;4759;35.6059;29.5145
multiqueue_t4;8;10000;1.28523;1.08852;4712;35.0119;30.4677
multiqueue_t2;1;100000;16.428;25.3453;18652;1.52628;1.99276
multiqueue_t2;1;100000;17.2709;25.8064;18879;1.53028;1.94419
multiqueue_t2;1;100000;17.4308;32.6399;18858;1.5114;1.95563
multiqueue_t2;1;100000;15.8013;24.2931;18706;1.51326;1.94901
multiqueue_t2;1;100000;17.2779;26.7745;18950;1.51286;1.92134
multiqueue_t2;8;100000;7.14872;12.5321;45873;18.0185;15.3289
multiqueue_t2;8;100000;6.81281;11.7374;45859;18.1411;15.5357
multiqueue_t2;8;100000;7.35768;12.5776;45890;18.2771;15.5198
multiqueue_t2;8;100000;7.14461;13.1076;45913;17.9497;15.3406
multiqueue_t2;8;100000;7.97302;13.0706;45760;18.0231;15.5995
multiqueue_t4;1;100000;13.3755;20.9213;33684;4.0951;3.87986
multiqueue_t4;1;100000;12.4472;22.32;33691;4.03355;3.88426
multiqueue_t4;1;100000;13.0363;20.5733;33501;4.12017;3.95994
multiqueue_t4;1;100000;14.7473;23.3147;33508;4.02795;3.82917
multiqueue_t4;1;100000;15.6718;25.5639;33629;4.03655;3.80395
multiqueue_t4;8;100000;6.98067;14.6967;47886;36.2287;30.9699
multiqueue_t4;8;100000;7.44588;14.4503;47803;36.8277;31.1542
multiqueue_t4;8;100000;6.38412;13.4917;47877;36.3501;30.6245
multiqueue_t4;8;100000;6.13838;13.2479;47889;36.4859;30.4101
multiqueue_t4;8;100000;6.45126;12.7966;47996;37.3603;31.4956
multiqueue_t2;1;1000000;177.774;338.184;187259;1.49638;1.93554
multiqueue_t2;1;1000000;166.729;387.101;187955;1.50387;1.94478
multiqueue_t2;1;1000000;172.27;309.812;188091;1.50486;1.93902
multiqueue_t2;1;1000000;166.396;278.169;187413;1.49694;1.93092
multiqueue_t2;1;1000000;163.127;326.967;187286;1.50114;1.92774
multiqueue_t2;8;1000000;60.1419;147.826;458461;18.1997;15.6472
multiqueue_t2;8;1000000;58.6836;148.408;458670;18.2321;15.6458
multiqueue_t2;8;1000000;64.3251;149.933;458155;18.2287;15.6185
multiqueue_t2;8;1000000;57.2738;145.946;458647;18.1739;15.5938
multiqueue_t2;8;1000000;61.9929;206.535;458140;18.079;15.4641
multiqueue_t4;1;1000000;125.592;231.057;335874;4.05868;3.87309
multiqueue_t4;1;1000000;118.879;235.594;336008;4.06783;3.88436
multiqueue_t4;1;1000000;120.375;257.579;335366;4.0485;3.85184
multiqueue_t4;1;1000000;123.697;266.555;336315;4.06847;3.88511
multiqueue_t4;1;1000000;125.215;294.495;336086;4.05987;3.87523
multiqueue_t4;8;1000000;52.5368;146.11;479388;36.8318;31.0293
multiqueue_t4;8;1000000;44.7829;144.196;479286;36.9426;31.294
multiqueue_t4;8;1000000;44.1929;140.125;478947;36.7538;30.9946
multiqueue_t4;8;1000000;48.3683;144.015;479327;36.7142;30.8371
multiqueue_t4;8;1000000;45.3938;137.091;479524;36.6245;30.7905
multiqueue_t2;1;5000000;897.082;1751.28;937217;1.49448;1.93173
multiqueue_t2;1;5000000;884.351;1713.93;937247;1.49574;1.93437
multiqueue_t2;1;5000000;884.46;1707.77;937053;1.49887;1.93896
multiqueue_t2;1;5000000;868.705;1797.8;937110;1.50288;1.94294
multiqueue_t2;1;5000000;862.862;1745.03;937230;1.4953;1.93039
multiqueue_t2;8;5000000;328.421;773.475;2291541;18.1656;15.528
multiqueue_t2;8;5000000;332.888;767.896;2292915;18.1374;15.4889
multiqueue_t2;8;5000000;328.738;770.157;2291504;18.1471;15.5214
multiqueue_t2;8;5000000;326.986;770.849;2291333;18.0581;15.4299
multiqueue_t2;8;5000000;333.483;771.403;2292326;18.1653;15.5628
multiqueue_t4;1;5000000;626.989;1485.35;1679060;4.05299;3.87707
multiqueue_t4;1;5000000;638.836;1370.37;1680669;4.05711;3.87858
multiqueue_t4;1;5000000;633.9;1382.58;1679940;4.05199;3.86085
multiqueue_t4;1;5000000;631.404;1341.31;1679555;4.06335;3.88597
multiqueue_t4;1;5000000;631.592;1495.91;1679263;4.05371;3.87401
multiqueue_t4;8;5000000;248.507;772.935;2396127;36.7924;31.0086
multiqueue_t4;8;5000000;260.244;914.866;2396411;36.7742;30.9445
multiqueue_t4;8;5000000;260.608;790.097;2396609;36.7778;30.9908
multiqueue_t4;8;5000000;254.861;775.535;2395959;36.7461;30.9376
multiqueue_t4;8;5000000;292.879;815.055;2395951;36.7527;30.9837
skiplist;1;10000;2.19169;3.79868;3704;2.4914;2.33887
skiplist;1;10000;2.27361;3.70387;3737;2.5684;2.39677
skiplist;1;10000;1.73081;3.24817;3776;2.551;2.35419
skiplist;1;10000;1.88929;3.23047;3771;2.5352;2.38913
skiplist;1;10000;1.94269;3.98626;3744;2.534;2.37963
skiplist;8;10000;1.97391;4.43546;4792;23.2236;21.5304
skiplist;8;10000;1.7969;4.12622;4854;23.314;22.1942
skiplist;8;10000;1.70104;2.98488;4840;22.924;21.5183
skiplist;8;10000;1.76606;3.05197;4810;23.142;21.0957
skiplist;8;10000;1.84889;3.97747;4872;23.0762;21.3442
skiplist;1;100000;17.1447;36.2045;37562;2.5245;2.34839
skiplist;1;100000;16.5254;36.2024;37513;2.52728;2.36264
skiplist;1;100000;17.4595;36.8734;37471;2.53294;2.34913
skiplist;1;100000;17.2441;38.2544;37593;2.53516;2.36837
skiplist;1;100000;18.1513;37.2458;37478;2.53086;2.37584
skiplist;8;100000;15.4213;34.3888;48484;23.1631;21.3647
skiplist;8;100000;16.9413;47.3903;48367;23.1678;21.4235
skiplist;8;100000;17.6208;45.4182;48415;23.1681;21.2812
skiplist;8;100000;16.7562;35.4426;48318;23.0626;21.3412
skiplist;8;100000;17.1945;35.5031;48366;23.1656;21.3391
skiplist;1;1000000;410.435;401.468;375366;2.53157;2.36803
skiplist;1;1000000;343.29;405.276;374850;2.53247;2.36381
skiplist;1;1000000;358.873;479.4;374912;2.53187;2.36679
skiplist;1;1000000;357.698;479.125;374616;2.53314;2.36814
skiplist;1;1000000;360.152;480.949;374918;2.53284;2.3641
skiplist;8;1000000;369.361;383.422;484238;23.1915;21.3546
skiplist;8;1000000;460.003;418.564;484647;23.1807;21.3714
skiplist;8;1000000;384.61;343.381;484275;23.164;21.3195
skiplist;8;1000000;369.722;395.233;483854;23.1607;21.2895
skiplist;8;1000000;417.799;555.627;483975;23.1856;21.374
skiplist;1;5000000;2805.73;2248.31;1874393;2.53086;2.36433
skiplist;1;5000000;2910.04;2610.14;1874208;2.53073;2.36657
skiplist;1;5000000;2962.92;2035.15;1875473;2.52989;2.36637
skiplist;1;5000000;2742.85;2419.4;1875310;2.53095;2.363
skiplist;1;5000000;2636.98;2214.73;1876324;2.52967;2.36311
skiplist;8;5000000;2835.16;2132.83;2422881;23.1709;21.3346
skiplist;8;5000000;2519.61;2037.45;2421029;23.1736;21.3206
skiplist;8;5000000;3136.84;2088.84;2423033;23.1879;21.3502
skiplist;8;5000000;2660.9;2754;2421653;23.1793;21.3322
skiplist;8;5000000;2563.69;2472.69;2422708;23.1633;21.3175
